sku,invoice_number,invoice_date_parsed,item_number,item_title,category,qty,bid_amount,msrp,bid_to_msrp_ratio,discount_pct,line_cost,projected_sale_price_per_unit,projected_revenue,projected_profit
SKU0344,051624-3501-170639,2024-05-16,51,"MtioHig Cordless Heat Gun for Dewalt 20v Battery, Mtiolhig",Tools & Hardware,1.0,17.0,59.99,0.2833805634272379,0.7166194365727621,17.0,41.993,41.993,24.993000000000002
SKU0344,051624-3501-170639,2024-05-16,51,"MtioHig Cordless Heat Gun for Dewalt 20v Battery, Mtiolhig",Tools & Hardware,1.0,17.0,59.99,0.2833805634272379,0.7166194365727621,17.0,41.993,41.993,24.993000000000002
SKU0345,051624-3501-170639,2024-05-16,56,"AVID POWER Heat Gun, 1800W Heat Gun for Crafts, Shrink",Tools & Hardware,1.0,17.0,19.99,0.8504252126063032,0.14957478739369678,17.0,13.992999999999999,13.992999999999999,-3.0070000000000014
SKU0345,051624-3501-170639,2024-05-16,56,"AVID POWER Heat Gun, 1800W Heat Gun for Crafts, Shrink",Tools & Hardware,1.0,17.0,19.99,0.8504252126063032,0.14957478739369678,17.0,13.992999999999999,13.992999999999999,-3.0070000000000014
SKU0346,051624-3501-170639,2024-05-16,62,ETOOLAB HVLP Spray Paint Gun 700W，Paint Sprayers for,Tools & Hardware,1.0,23.0,43.99,0.5228461013866788,0.47715389861332125,23.0,30.793,30.793,7.792999999999999
SKU0346,051624-3501-170639,2024-05-16,62,ETOOLAB HVLP Spray Paint Gun 700W，Paint Sprayers for,Tools & Hardware,1.0,23.0,43.99,0.5228461013866788,0.47715389861332125,23.0,30.793,30.793,7.792999999999999
SKU0347,051624-3501-170639,2024-05-16,65,"BLACK+DECKER Electric Hand Saw, 3.4-Amp",Tools & Hardware,1.0,16.01,57.11,0.28033619331115395,0.7196638066888461,16.01,39.977,39.977,23.966999999999995
SKU0347,051624-3501-170639,2024-05-16,65,"BLACK+DECKER Electric Hand Saw, 3.4-Amp",Tools & Hardware,1.0,16.01,57.11,0.28033619331115395,0.7196638066888461,16.01,39.977,39.977,23.966999999999995
SKU0343,052424-3501-172084,2024-05-24,560,Coca-Cola Classic Coke Bottle 4L Mini Fridge w/ 12V DC,Electronics & Small Appliances,1.0,12.0,42.58,0.28182245185533117,0.7181775481446688,12.0,29.805999999999997,29.805999999999997,17.805999999999997
SKU0342,052424-3501-172114,2024-05-24,44,mophie Wireless 10W Charging Pad,Miscellaneous,1.0,3.0,14.95,0.20066889632107024,0.7993311036789298,3.0,10.464999999999998,10.464999999999998,7.464999999999998
SKU0332,072624-3501-181766,2024-07-26,412,Amazon Brand – Stone & Beam Highland Modern Living,Miscellaneous,1.0,16.0,,,,16.0,24.0,24.0,8.0
SKU0333,072624-3501-181766,2024-07-26,474,"Lush Decor Linen Button Window Curtain Panel, Single, 40""",Bedding & Textiles,1.0,4.0,36.69,0.10902153175252113,0.8909784682474788,4.0,25.682999999999996,25.682999999999996,21.682999999999996
SKU0334,072624-3501-181766,2024-07-26,478,Set of 2 DriftAway Embroidered Curtains for Living Room,Bedding & Textiles,1.0,5.0,55.98,0.08931761343336907,0.9106823865666309,5.0,39.18599999999999,39.18599999999999,34.18599999999999
SKU0335,072624-3501-181766,2024-07-26,489,HomeRoots Shiny Nickel/Silver Guita Wire Spheres Set of 3,Miscellaneous,1.0,1.0,37.88,0.026399155227032733,0.9736008447729673,1.0,26.516000000000002,26.516000000000002,25.516000000000002
SKU0336,072624-3501-181766,2024-07-26,551,Echelon Three Line Hotel Collection Euro Shams Pair,Bedding & Textiles,1.0,1.0,28.49,0.0351000351000351,0.9648999648999649,1.0,19.942999999999998,19.942999999999998,18.942999999999998
SKU0337,072624-3501-181766,2024-07-26,556,Set of 2 Glitzhome Knitted Polyester Red Christmas,Miscellaneous,1.0,1.0,45.98,0.02174858634188778,0.9782514136581122,1.0,32.18599999999999,32.18599999999999,31.185999999999993
SKU0338,072624-3501-181766,2024-07-26,565,VHC Brands Annie Buffalo Check Farmhouse Kitchen,Miscellaneous,1.0,3.0,18.95,0.158311345646438,0.841688654353562,3.0,13.264999999999999,13.264999999999999,10.264999999999999
SKU0339,072624-3501-181766,2024-07-26,569,Nanshing Payton Grommet Sheer Curtain Panel Pair (Each,Bedding & Textiles,1.0,1.0,36.99,0.02703433360367667,0.9729656663963233,1.0,25.893,25.893,24.893
SKU0340,072624-3501-181766,2024-07-26,581,Set of 3 Sweet Home Collection Pinch Pleat Kitchen Curtain,Bedding & Textiles,1.0,1.0,44.97,0.022237046920169003,0.977762953079831,1.0,31.478999999999996,31.478999999999996,30.478999999999996
SKU0341,072624-3501-181766,2024-07-26,693,"Croscill Nomad Shower Curtain, Blue",Bedding & Textiles,1.0,4.0,44.99,0.08890864636585907,0.911091353634141,4.0,31.493,31.493,27.493
SKU0331,072624-3501-181811,2024-07-26,103,SwitchBot Automatic Curtain Opener - Bluetooth Remote,Bedding & Textiles,1.0,3.0,,,,3.0,4.5,4.5,1.5
SKU0330,072624-3501-181811,2024-07-26,48,"Handheld Steam Cleaner, Steamer for Cleaning, 10 in 1",Miscellaneous,1.0,9.0,,,,9.0,13.5,13.5,4.5
SKU0327,073124-3501-182566,2024-07-31,201,"Petique 5-in-1 PET CARRIER, Features: Rolling, Top",Pet Supplies,1.0,10.0,121.12,0.08256274768824307,0.9174372523117569,10.0,84.78399999999999,84.78399999999999,74.78399999999999
SKU0327,073124-3501-182566,2024-07-31,201,"Petique 5-in-1 PET CARRIER, Features: Rolling, Top",Pet Supplies,1.0,10.0,121.12,0.08256274768824307,0.9174372523117569,10.0,84.78399999999999,84.78399999999999,74.78399999999999
SKU0328,073124-3501-182566,2024-07-31,232,"STUAA Boho Comforter Set, Washed Microfiber Blue Queen",Bedding & Textiles,1.0,13.0,39.99,0.3250812703175794,0.6749187296824206,13.0,27.993,27.993,14.992999999999999
SKU0328,073124-3501-182566,2024-07-31,232,"STUAA Boho Comforter Set, Washed Microfiber Blue Queen",Bedding & Textiles,1.0,13.0,39.99,0.3250812703175794,0.6749187296824206,13.0,27.993,27.993,14.992999999999999
SKU0329,073124-3501-182566,2024-07-31,233,Amazon Basics Room Darkening Blackout Window Curtain,Bedding & Textiles,1.0,5.0,32.7,0.1529051987767584,0.8470948012232415,5.0,22.89,22.89,17.89
SKU0329,073124-3501-182566,2024-07-31,233,Amazon Basics Room Darkening Blackout Window Curtain,Bedding & Textiles,1.0,5.0,32.7,0.1529051987767584,0.8470948012232415,5.0,22.89,22.89,17.89
SKU0325,080824-3501-183862,2024-08-08,490,Grid Arched 2-Tier Basket Server Bowls for Storage,Home Decor,1.0,5.0,27.26,0.1834189288334556,0.8165810711665444,5.0,19.082,19.082,14.082
SKU0326,080824-3501-183862,2024-08-08,523,Set of 3 Painted Glasses,Miscellaneous,1.0,1.0,,,,1.0,1.5,1.5,0.5
SKU0304,081424-3501-184550,2024-08-14,119,"iwillink 48 Port, RJ45 Through Coupler Cat6 Patch Panel, 2U",Pet Supplies,1.0,5.0,75.99,0.06579813133307015,0.9342018686669299,5.0,53.19299999999999,53.19299999999999,48.19299999999999
SKU0305,081424-3501-184550,2024-08-14,138,"Neewer Heavy Duty Light Stand with Casters, Adjustable",Lighting & Electrical,1.0,26.0,159.99,0.1625101568848053,0.8374898431151947,26.0,111.993,111.993,85.993
SKU0306,081424-3501-184550,2024-08-14,147,Madison Park Pansy Grey Tufted Chenille Bedding,Bedding & Textiles,1.0,13.0,,,,13.0,19.5,19.5,6.5
SKU0307,081424-3501-184550,2024-08-14,151,Wall Sconce,Lighting & Electrical,1.0,8.0,,,,8.0,12.0,12.0,4.0
SKU0308,081424-3501-184550,2024-08-14,172,2 Pack Vantage 14.875-in W x 62.875-in H Charcoal Exterior,Miscellaneous,1.0,5.0,100.3,0.049850448654037885,0.9501495513459621,5.0,70.21,70.21,65.21
SKU0309,081424-3501-184550,2024-08-14,181,"JOPHUN Handrails for Outdoor, Garden, Yard or Porch",Miscellaneous,1.0,6.0,,,,6.0,9.0,9.0,3.0
SKU0310,081424-3501-184550,2024-08-14,184,"Regency Fusion Wire Management C-Leg Base, Black",Miscellaneous,1.0,11.0,157.6,0.06979695431472081,0.9302030456852792,11.0,110.32,110.32,99.32
SKU0311,081424-3501-184550,2024-08-14,185,MSI 12 In. X 24 In. Heavy Duty Carbon Matte Floor And Wall,Bedding & Textiles,1.0,9.0,67.48,0.13337285121517486,0.8666271487848252,9.0,47.236,47.236,38.236
SKU0312,081424-3501-184550,2024-08-14,188,11x14 Picture Frame Blue (1 Pack),Home Decor,1.0,3.0,,,,3.0,4.5,4.5,1.5
SKU0313,081424-3501-184550,2024-08-14,189,Humble + Haute Sunbrella Canvas Navy Seat Cushion,Home Decor,1.0,3.0,,,,3.0,4.5,4.5,1.5
SKU0314,081424-3501-184550,2024-08-14,191,Dorman 749-508 Front Driver Side Power Window Regulator,Tools & Hardware,1.0,3.0,47.62,0.06299874002519949,0.9370012599748005,3.0,33.333999999999996,33.333999999999996,30.333999999999996
SKU0315,081424-3501-184550,2024-08-14,192,Welcome Seashell | All Weather Heavy Duty Mat | 100%,Bedding & Textiles,1.0,4.0,24.99,0.1600640256102441,0.8399359743897559,4.0,17.493,17.493,13.492999999999999
SKU0316,081424-3501-184550,2024-08-14,206,8 Pack Black LED Wall Sconce Indoor Cool White 6000K,Lighting & Electrical,1.0,20.0,175.99,0.11364282061480765,0.8863571793851923,20.0,123.193,123.193,103.193
SKU0317,081424-3501-184550,2024-08-14,211,Kichler Lighting Telford Collection 3-light Brushed Nickel,Lighting & Electrical,1.0,6.0,109.95,0.054570259208731244,0.9454297407912687,6.0,76.965,76.965,70.965
SKU0318,081424-3501-184550,2024-08-14,212,Lyndel Modern 3 Foot Faux Fur Bean Bag Chair Cover,Furniture,1.0,12.0,,,,12.0,18.0,18.0,6.0
SKU0319,081424-3501-184550,2024-08-14,217,Depuley 4-Lights Chandelier,Lighting & Electrical,1.0,13.0,,,,13.0,19.5,19.5,6.5
SKU0290,081424-3501-184550,2024-08-14,222,Black Wall Mounted Mirror,Home Decor,1.0,6.0,,,,6.0,9.0,9.0,3.0
SKU0320,081424-3501-184550,2024-08-14,230,Pet Door,Pet Supplies,1.0,7.0,,,,7.0,10.5,10.5,3.5
SKU0321,081424-3501-184550,2024-08-14,234,Large Mouse Pad,Miscellaneous,1.0,6.0,,,,6.0,9.0,9.0,3.0
SKU0322,081424-3501-184550,2024-08-14,239,Siersoe Wall Mirror,Home Decor,1.0,5.0,,,,5.0,7.5,7.5,2.5
SKU0323,081424-3501-184550,2024-08-14,242,"Rear Bike Rack Cargo Rack, Easy Installation",Miscellaneous,1.0,5.0,,,,5.0,7.5,7.5,2.5
SKU0324,081424-3501-184550,2024-08-14,246,Floor Mats & Cargo Liner for 2024 2025 Lincoln Nautilus All,Automotive,1.0,5.0,169.0,0.029585798816568046,0.9704142011834319,5.0,118.3,118.3,113.3
SKU0302,081424-3501-184550,2024-08-14,5,"FunStick 36"" x 200"" Charcoal Black Contact Paper Solid Black",Miscellaneous,1.0,8.0,57.98,0.1379786133149362,0.8620213866850638,8.0,40.586,40.586,32.586
SKU0303,081424-3501-184550,2024-08-14,98,Set of 4 Hub Caps,Miscellaneous,1.0,4.0,,,,4.0,6.0,6.0,2.0
SKU0280,081624-3501-184997,2024-08-16,270,"Panana Trolley Folding Cart Heavy Duty Hand Truck, Dolly",Miscellaneous,1.0,29.25,54.99,0.5319148936170213,0.46808510638297873,29.25,38.493,38.493,9.243000000000002
SKU0281,081624-3501-184997,2024-08-16,278,Beams MB3000 High Performance 500 Lumen Wireless,Miscellaneous,1.0,10.75,39.99,0.26881720430107525,0.7311827956989247,10.75,27.993,27.993,17.243
SKU0282,081624-3501-184997,2024-08-16,301,Long LED Light Bar,Lighting & Electrical,1.0,30.01,,,,30.01,45.015,45.015,15.004999999999999
SKU0283,081624-3501-184997,2024-08-16,311,SHINHYE Tent,Miscellaneous,1.0,10.76,,,,10.76,16.14,16.14,5.380000000000001
SKU0284,081624-3501-184997,2024-08-16,312,"LazBlinds Cordless Roller Shades 45""Wx72""H Beige",Window Treatments,1.0,2.0,53.99,0.03704389701796629,0.9629561029820337,2.0,37.793,37.793,35.793
SKU0285,081624-3501-184997,2024-08-16,370,Privacy Fence Screen Modern & Modular,Miscellaneous,1.0,10.0,,,,10.0,15.0,15.0,5.0
SKU0286,081624-3501-184997,2024-08-16,393,"Golden Lighting 3602-14 AB-WH Duncan Flush Mount, Aged",Lighting & Electrical,1.0,5.0,99.0,0.050505050505050504,0.9494949494949495,5.0,69.3,69.3,64.3
SKU0287,081624-3501-184997,2024-08-16,394,Light Society Montreal Oil Rubbed Bronze Wall Sconce with,Lighting & Electrical,1.0,2.0,27.4,0.07299270072992702,0.927007299270073,2.0,19.179999999999996,19.179999999999996,17.179999999999996
SKU0288,081624-3501-184997,2024-08-16,397,Intel/Shade Honeycomb Blind,Window Treatments,1.0,5.0,,,,5.0,7.5,7.5,2.5
SKU0289,081624-3501-184997,2024-08-16,411,"White Matte Peel and Stick Wallpaper, Self-Adhesive",Bedding & Textiles,1.0,7.0,39.99,0.17504376094023505,0.8249562390597649,7.0,27.993,27.993,20.993
SKU0290,081624-3501-184997,2024-08-16,422,Black Wall Mounted Mirror,Home Decor,1.0,5.0,,,,5.0,7.5,7.5,2.5
SKU0291,081624-3501-184997,2024-08-16,427,RIVER OF GOODS 52 Inch LED Modern Farmhouse Ceiling,Miscellaneous,1.0,24.01,189.99,0.1263750723722301,0.8736249276277699,24.01,132.993,132.993,108.98299999999999
SKU0292,081624-3501-184997,2024-08-16,431,Vessel Sink,Miscellaneous,1.0,9.0,,,,9.0,13.5,13.5,4.5
SKU0293,081624-3501-184997,2024-08-16,447,Eridanus Denbigh 19 in. x 14 in. Modern Crisp White,Miscellaneous,1.0,10.0,65.64,0.15234613040828762,0.8476538695917124,10.0,45.948,45.948,35.948
SKU0294,081624-3501-184997,2024-08-16,452,JXCRAFT Car Floor Mats,Automotive,1.0,5.0,,,,5.0,7.5,7.5,2.5
SKU0295,081624-3501-184997,2024-08-16,465,"Set of 2 Modern LED Picture Lights 24.4 inch, Antique",Lighting & Electrical,1.0,10.0,137.76,0.07259001161440186,0.9274099883855982,10.0,96.43199999999999,96.43199999999999,86.43199999999999
SKU0296,081624-3501-184997,2024-08-16,482,DANSEER Lighting Modern Crystal Ceiling Light Fixture with,Lighting & Electrical,1.0,2.0,159.0,0.012578616352201259,0.9874213836477987,2.0,111.3,111.3,109.3
SKU0297,081624-3501-184997,2024-08-16,485,Hand Cart,Miscellaneous,1.0,10.0,,,,10.0,15.0,15.0,5.0
SKU0298,081624-3501-184997,2024-08-16,498,BENOSS Vacuum Stand Stable Metal Bracket Stand Holder,Furniture,1.0,3.01,46.99,0.06405618216641838,0.9359438178335816,3.01,32.893,32.893,29.883000000000003
SKU0299,081624-3501-184997,2024-08-16,522,"miliboo Heavy Duty Tripod for Camera,Video Tripod with",Tools & Hardware,1.0,29.87,349.0,0.08558739255014326,0.9144126074498568,29.87,244.29999999999998,244.29999999999998,214.42999999999998
SKU0300,081624-3501-184997,2024-08-16,523,CXWXC Bike Repair Stand -Shop Home Bicycle Mechanic,Tools & Hardware,1.0,14.0,96.99,0.14434477781214558,0.8556552221878544,14.0,67.89299999999999,67.89299999999999,53.89299999999999
SKU0301,081624-3501-184997,2024-08-16,531,"Lusper Weight Bench for Home Gym, Adjustable and",Furniture,1.0,10.0,69.99,0.14287755393627663,0.8571224460637233,10.0,48.992999999999995,48.992999999999995,38.992999999999995
SKU0275,082324-3501-186170,2024-08-23,350,Bamboo Floating Nightstand with Drawer & Open Shelf -,Furniture,1.0,25.0,77.99,0.32055391716886783,0.6794460828311322,25.0,54.592999999999996,54.592999999999996,29.592999999999996
SKU0276,082324-3501-186170,2024-08-23,436,Pet Ramp for Dogs and Cats,Pet Supplies,1.0,8.0,,,,8.0,12.0,12.0,4.0
SKU0277,082324-3501-186170,2024-08-23,548,Boho Patio Umbrella with Fringe Outdoor Small Table Market,Furniture,1.0,14.0,79.99,0.17502187773471686,0.8249781222652831,14.0,55.992999999999995,55.992999999999995,41.992999999999995
SKU0278,082324-3501-186170,2024-08-23,552,PetThem Dog Ramp for Car -PetThem Folding Pet Steps for,Pet Supplies,1.0,7.5,99.98,0.07501500300060011,0.9249849969993998,7.5,69.986,69.986,62.486000000000004
SKU0279,082324-3501-186170,2024-08-23,573,Foho Vacuum Stand,Miscellaneous,1.0,1.0,42.99,0.02326122354035822,0.9767387764596418,1.0,30.093,30.093,29.093
SKU0271,082824-3501-186858,2024-08-28,115,"6-Light Orb Chandelier, Black Globe Pendant Light Fixtures,",Lighting & Electrical,1.0,10.0,109.99,0.09091735612328394,0.9090826438767161,10.0,76.993,76.993,66.993
SKU0272,082824-3501-186858,2024-08-28,147,Dayao Toilet Seat,Miscellaneous,1.0,2.0,,,,2.0,3.0,3.0,1.0
SKU0273,082824-3501-186858,2024-08-28,152,Deynite Industrial Pendant Light Fixtures Black Schoolhouse,Lighting & Electrical,1.0,3.0,119.0,0.025210084033613446,0.9747899159663865,3.0,83.3,83.3,80.3
SKU0274,082824-3501-186858,2024-08-28,260,"1 Inch Modern Double Window Curtain Rods,72-144 Inch",Bedding & Textiles,1.0,2.0,45.99,0.04348771472059143,0.9565122852794086,2.0,32.193,32.193,30.192999999999998
SKU0268,082824-3501-186858,2024-08-28,54,Suzzipaws Enclosed Stainless Steel Cat Litter Box Extra,Pet Supplies,1.0,36.0,129.99,0.27694438033694896,0.7230556196630511,36.0,90.993,90.993,54.992999999999995
SKU0269,082824-3501-186858,2024-08-28,59,"MODE Farmhouse Collection 1 1/8"" Diameter Curtain Rod Set",Bedding & Textiles,1.0,6.0,47.99,0.1250260470931444,0.8749739529068556,6.0,33.592999999999996,33.592999999999996,27.592999999999996
SKU0270,082824-3501-186858,2024-08-28,70,Easy-Going 3 Pieces Stretch Soft Couch Cover for Dogs -,Pet Supplies,1.0,7.0,38.99,0.17953321364452424,0.8204667863554758,7.0,27.293,27.293,20.293
SKU0251,090424-3501-187761,2024-09-04,100,10ft x 10ft Square Backdrop Stand,Miscellaneous,1.0,10.0,,,,10.0,15.0,15.0,5.0
SKU0252,090424-3501-187761,2024-09-04,110,"Wake In Cloud - Plaid Pillow Cases, 100% Washed Cotton,",Bedding & Textiles,1.0,6.0,17.99,0.3335186214563647,0.6664813785436353,6.0,12.592999999999998,12.592999999999998,6.592999999999998
SKU0253,090424-3501-187761,2024-09-04,122,Queen Size Mattress Pad,Bedding & Textiles,1.0,9.0,,,,9.0,13.5,13.5,4.5
SKU0254,090424-3501-187761,2024-09-04,141,"TONOR Bilayer Acoustic Panels Large Self-adhesive,",Miscellaneous,1.0,4.0,112.99,0.035401362952473675,0.9645986370475264,4.0,79.09299999999999,79.09299999999999,75.09299999999999
SKU0255,090424-3501-187761,2024-09-04,151,"C Sofa Side End Table, TV Tray Table, C Shaped Snack",Furniture,1.0,11.0,29.95,0.36727879799666113,0.6327212020033388,11.0,20.965,20.965,9.965
SKU0256,090424-3501-187761,2024-09-04,175,T8 LED Tube Light with R17D Rotatable Base,Lighting & Electrical,1.0,5.0,,,,5.0,7.5,7.5,2.5
SKU0257,090424-3501-187761,2024-09-04,179,No Tools - No Drill Cordless Mini Blinds,Tools & Hardware,1.0,1.0,,,,1.0,1.5,1.5,0.5
SKU0245,090424-3501-187761,2024-09-04,18,Precedent LED Light Kit,Lighting & Electrical,1.0,5.0,,,,5.0,7.5,7.5,2.5
SKU0258,090424-3501-187761,2024-09-04,183,"FITUEYES Black Floating TV Stand Wall Mounted, Floating",Electronics & Small Appliances,1.0,4.0,69.99,0.05715102157451065,0.9428489784254893,4.0,48.992999999999995,48.992999999999995,44.992999999999995
SKU0259,090424-3501-187761,2024-09-04,194,A-Premium Front Hood Lift Supports Shock Struts,Miscellaneous,1.0,3.0,18.99,0.1579778830963665,0.8420221169036335,3.0,13.292999999999997,13.292999999999997,10.292999999999997
SKU0260,090424-3501-187761,2024-09-04,210,A-Premium Mystery Car Accessory for Front Right,Miscellaneous,1.0,1.0,,,,1.0,1.5,1.5,0.5
SKU0261,090424-3501-187761,2024-09-04,223,Pendant Light,Lighting & Electrical,1.0,1.0,,,,1.0,1.5,1.5,0.5
SKU0262,090424-3501-187761,2024-09-04,232,"Depuley Modern Ceiling Fan No Light with Remote,",Lighting & Electrical,1.0,10.0,179.99,0.05555864214678593,0.944441357853214,10.0,125.993,125.993,115.993
SKU0263,090424-3501-187761,2024-09-04,260,RGB No Wiring Required Battery-Powered Wall Light,Lighting & Electrical,1.0,10.0,,,,10.0,15.0,15.0,5.0
SKU0264,090424-3501-187761,2024-09-04,276,"Lotus & Windoware Cordless, 2 Inch Faux Wood Blind, 34""",Window Treatments,1.0,4.0,45.99,0.08697542944118286,0.9130245705588171,4.0,32.193,32.193,28.192999999999998
SKU0265,090424-3501-187761,2024-09-04,278,SaniteModar Linear Shower Drain,Miscellaneous,1.0,1.0,,,,1.0,1.5,1.5,0.5
SKU0266,090424-3501-187761,2024-09-04,286,Auto Ventshade [AVS] Outside Mount Ventvisor / Rain,Automotive,1.0,1.0,68.67,0.0145623998835008,0.9854376001164992,1.0,48.068999999999996,48.068999999999996,47.068999999999996
SKU0267,090424-3501-187761,2024-09-04,293,"Bike Trainer, Magnetic Bicycle Stationary Stand for Indoor",Miscellaneous,1.0,10.99,119.98,0.09159859976662776,0.9084014002333722,10.99,83.986,83.986,72.99600000000001
SKU0246,090424-3501-187761,2024-09-04,58,Outdoor Roller Shade,Window Treatments,1.0,7.0,,,,7.0,10.5,10.5,3.5
SKU0247,090424-3501-187761,2024-09-04,70,27-Inch 1080P Portable TouchScreen Monitor Smart Rolling,Furniture,1.0,111.0,599.0,0.18530884808013356,0.8146911519198664,111.0,419.29999999999995,419.29999999999995,308.29999999999995
SKU0248,090424-3501-187761,2024-09-04,80,LED Ceiling Spotlight Dimmable12W 3CCT,Lighting & Electrical,1.0,3.0,28.99,0.10348395998620215,0.8965160400137978,3.0,20.293,20.293,17.293
SKU0249,090424-3501-187761,2024-09-04,94,Kipika Heavy Duty Ceiling Mounted Pull-up Bar Workout,Miscellaneous,1.0,5.0,,,,5.0,7.5,7.5,2.5
SKU0250,090424-3501-187761,2024-09-04,99,Souart Bathroom Vanity Lights,Lighting & Electrical,1.0,5.0,98.8,0.05060728744939271,0.9493927125506073,5.0,69.16,69.16,64.16
SKU0216,090624-3501-188248,2024-09-06,305,Valve Cover - Compatible with 2012 - 2017 Hyundai Accent,Miscellaneous,1.0,1.0,99.95,0.010005002501250625,0.9899949974987494,1.0,69.965,69.965,68.965
SKU0217,090624-3501-188248,2024-09-06,308,A-Premium A/C Compressor for Hyundai Accent,Automotive,1.0,2.0,224.99,0.008889283968176363,0.9911107160318237,2.0,157.493,157.493,155.493
SKU0218,090624-3501-188248,2024-09-06,340,Window Deflectors,Automotive,1.0,1.0,,,,1.0,1.5,1.5,0.5
SKU0219,090624-3501-188248,2024-09-06,341,Flexible Side Window Deflectors,Automotive,1.0,1.0,,,,1.0,1.5,1.5,0.5
SKU0220,090624-3501-188248,2024-09-06,344,Art3D 3D Wall Panels 12 Tiles,Home Decor,1.0,4.0,,,,4.0,6.0,6.0,2.0
SKU0219,090624-3501-188248,2024-09-06,366,Flexible Side Window Deflectors,Automotive,1.0,1.0,,,,1.0,1.5,1.5,0.5
SKU0221,090624-3501-188248,2024-09-06,395,Bamboo Partition Black 4 Panel,Miscellaneous,1.0,4.0,,,,4.0,6.0,6.0,2.0
SKU0222,090624-3501-188248,2024-09-06,401,"Room Divider, 4 Panel Folding Privacy Screens with Wider",Miscellaneous,1.0,4.0,60.99,0.06558452205279554,0.9344154779472045,4.0,42.693,42.693,38.693
SKU0223,090624-3501-188248,2024-09-06,413,"1 Inch Curtain Rods (72"" to 144"")",Bedding & Textiles,1.0,2.0,,,,2.0,3.0,3.0,1.0
SKU0224,090624-3501-188248,2024-09-06,416,"Anmytek Rattan Cabinet, 2 Door Sideboard Buffet Cabinet",Furniture,1.0,25.2,126.99,0.19844082211197733,0.8015591778880227,25.2,88.89299999999999,88.89299999999999,63.692999999999984
SKU0225,090624-3501-188248,2024-09-06,427,"PULUZ Portable Photo Studio Light Box, 16x16 inch",Lighting & Electrical,1.0,10.0,99.99,0.10001000100010002,0.8999899989999,10.0,69.993,69.993,59.992999999999995
SKU0226,090624-3501-188248,2024-09-06,437,"AVSIILE Linear Shower Floor Drain, Bathroom Drains Kit,",Miscellaneous,1.0,1.0,49.99,0.020004000800160033,0.9799959991998399,1.0,34.993,34.993,33.993
SKU0227,090624-3501-188248,2024-09-06,438,Yutianli 7mm Thick Anti-Collision self Adhesive 3D Wall,Miscellaneous,1.0,15.0,66.49,0.2255978342607911,0.7744021657392088,15.0,46.54299999999999,46.54299999999999,31.542999999999992
SKU0228,090624-3501-188248,2024-09-06,472,Replacement Clutch Part,Miscellaneous,1.0,1.0,,,,1.0,1.5,1.5,0.5
SKU0229,090624-3501-188248,2024-09-06,479,"Baboni Pet Door for Wall, Steel Frame and Telescoping",Pet Supplies,1.0,3.0,143.99,0.02083478019306896,0.979165219806931,3.0,100.793,100.793,97.793
SKU0230,090624-3501-188248,2024-09-06,487,"Madane Washable Runner Rug 2x6, Ultra-Thin Non-Slip",Bedding & Textiles,1.0,10.0,35.99,0.2778549597110308,0.7221450402889692,10.0,25.193,25.193,15.193000000000001
SKU0231,090624-3501-188248,2024-09-06,502,FITUEYES Floor TV Stand Iron Base with Swivel Mount for,Electronics & Small Appliances,1.0,21.0,,,,21.0,31.5,31.5,10.5
SKU0232,090624-3501-188248,2024-09-06,548,Jardin Runner 2'x7',Bedding & Textiles,1.0,10.0,,,,10.0,15.0,15.0,5.0
SKU0233,090624-3501-188248,2024-09-06,572,JONSBO/JONSPLUS Z20 Orange/Black Micro-ATX Mini,Miscellaneous,1.0,6.0,105.0,0.05714285714285714,0.9428571428571428,6.0,73.5,73.5,67.5
SKU0234,090624-3501-188248,2024-09-06,583,Office Chair,Furniture,1.0,16.0,,,,16.0,24.0,24.0,8.0
SKU0235,090624-3501-188248,2024-09-06,587,Room Divider Portable Partition Room Dividers and Folding,Furniture,1.0,8.0,159.99,0.0500031251953247,0.9499968748046753,8.0,111.993,111.993,103.993
SKU0236,090624-3501-188248,2024-09-06,601,Aodk Basic Desk with Drawers and Outlets,Furniture,1.0,14.0,,,,14.0,21.0,21.0,7.0
SKU0237,090624-3501-188248,2024-09-06,604,Weize Floor Mats for Tesla Model Y 5-Seat 2021-2023 2022,Automotive,1.0,2.0,139.99,0.014286734766769053,0.985713265233231,2.0,97.993,97.993,95.993
SKU0238,090624-3501-188248,2024-09-06,605,"ROYMELO 34"" Bifold Sliding Barn Door Hardware Track",Miscellaneous,1.0,4.0,85.99,0.04651703686475172,0.9534829631352483,4.0,60.19299999999999,60.19299999999999,56.19299999999999
SKU0014,090624-3501-188248,2024-09-06,606,Mystery Item,Miscellaneous,1.0,3.0,,,,3.0,4.5,4.5,1.5
SKU0239,090624-3501-188248,2024-09-06,641,HUAWIYA Matte White SIMPLE Pendant Light,Lighting & Electrical,1.0,1.0,65.99,0.015153811183512654,0.9848461888164873,1.0,46.19299999999999,46.19299999999999,45.19299999999999
SKU0240,090624-3501-188248,2024-09-06,649,VLAND LED Tail Lights Compatible with BMW Mini Cooper,Automotive,1.0,6.89,189.99,0.036265066582451704,0.9637349334175483,6.89,132.993,132.993,126.103
SKU0009,090624-3501-188248,2024-09-06,651,Allen+Roth 21-in 3-Light Chrome Modern/Contemporary,Lighting & Electrical,1.0,2.0,84.98,0.023534949399858788,0.9764650506001412,2.0,59.486,59.486,57.486
SKU0241,090624-3501-188248,2024-09-06,652,"Tension Rod, Black",Miscellaneous,1.0,2.0,,,,2.0,3.0,3.0,1.0
SKU0242,090624-3501-188248,2024-09-06,658,"Sportsroyals Dip Bars, Adjustable Dip Stand Station for",Furniture,1.0,45.99,57.99,0.793067770305225,0.20693222969477498,45.99,40.592999999999996,40.592999999999996,-5.397000000000006
SKU0243,090624-3501-188248,2024-09-06,659,AmazeFan Pull Up Bar Doorway with Ergonomic Grip -,Miscellaneous,1.0,5.0,59.99,0.0833472245374229,0.9166527754625771,5.0,41.993,41.993,36.993
SKU0244,090624-3501-188248,2024-09-06,664,Kichler Colmar 3-Light 14-in Olde Bronze Incandescent,Lighting & Electrical,1.0,2.0,99.98,0.020004000800160033,0.9799959991998399,2.0,69.986,69.986,67.986
SKU0207,091224-3501-188929,2024-09-12,279,"NB North Bayou Monitor Mount,Fits 4.4 to 19.8lbs Computer",Tools & Hardware,1.0,11.01,49.9,0.22064128256513027,0.7793587174348697,11.01,34.93,34.93,23.92
SKU0208,091224-3501-188929,2024-09-12,294,"Dikolre Shoe Rack Organizer Storage for Closet Entryway,",Miscellaneous,1.0,7.12,17.49,0.40708976558033166,0.5929102344196684,7.12,12.242999999999999,12.242999999999999,5.122999999999998
SKU0209,091224-3501-188929,2024-09-12,312,Hampton Bay Low-Voltage 20-Watt (Bi-Pin) Black Outdoor,Miscellaneous,1.0,2.0,19.97,0.10015022533800702,0.899849774661993,2.0,13.979,13.979,11.979
SKU0210,091224-3501-188929,2024-09-12,347,Condenser Microphone 3.5mm PC Microphone Recording,Miscellaneous,1.0,8.0,19.99,0.40020010005002504,0.599799899949975,8.0,13.992999999999999,13.992999999999999,5.9929999999999986
SKU0211,091224-3501-188929,2024-09-12,356,"Amazon Basics Cotton Jersey Blend Quilt Pillow Sham Set,",Bedding & Textiles,1.0,5.0,13.99,0.35739814152966404,0.6426018584703359,5.0,9.793,9.793,4.792999999999999
SKU0212,091224-3501-188929,2024-09-12,362,"Wire Cutter 8""",Miscellaneous,1.0,3.0,,,,3.0,4.5,4.5,1.5
SKU0213,091224-3501-188929,2024-09-12,427,Outdoor Oval Vinyl Cord-Free PVC Rollup Blinds - Radiance,Window Treatments,1.0,3.0,18.99,0.1579778830963665,0.8420221169036335,3.0,13.292999999999997,13.292999999999997,10.292999999999997
SKU0214,091224-3501-188929,2024-09-12,428,"Cordless Solstice Vinyl Roll-Up Blind - 30 Inch Width, 72",Window Treatments,1.0,3.0,18.99,0.1579778830963665,0.8420221169036335,3.0,13.292999999999997,13.292999999999997,10.292999999999997
SKU0215,091224-3501-188929,2024-09-12,439,"Set of 3 Covers for New Air 13""",Miscellaneous,1.0,1.0,,,,1.0,1.5,1.5,0.5
SKU0189,091324-3501-189262,2024-09-13,104,"Organi Haus Rope Basket, Blue/White",Home Decor,1.0,8.0,,,,8.0,12.0,12.0,4.0
SKU0184,091324-3501-189262,2024-09-13,11,"Lotus & Windoware Cordless Blinds, 42""x72"" Bright White",Window Treatments,1.0,1.0,58.99,0.016952025767079167,0.9830479742329208,1.0,41.293,41.293,40.293
SKU0190,091324-3501-189262,2024-09-13,121,Shatterproof Tape-On Window Rain Guards Fit for 2019-,Miscellaneous,1.0,1.0,59.99,0.01666944490748458,0.9833305550925154,1.0,41.993,41.993,40.993
SKU0191,091324-3501-189262,2024-09-13,124,Smoke Tinted Tape-On Side Window Vent Visor Deflectors,Automotive,1.0,1.0,44.99,0.02222716159146477,0.9777728384085352,1.0,31.493,31.493,30.493
SKU0192,091324-3501-189262,2024-09-13,129,York Wallcoverings NZ0780 Sea Grass Grasscloth,Home Decor,1.0,5.0,130.0,0.038461538461538464,0.9615384615384616,5.0,91.0,91.0,86.0
SKU0193,091324-3501-189262,2024-09-13,130,Baisuart A61269 Canvas Prints Abstract Wall Art Print,Home Decor,1.0,3.0,59.99,0.05000833472245374,0.9499916652775463,3.0,41.993,41.993,38.993
SKU0194,091324-3501-189262,2024-09-13,136,Office Chair Mat for Carpet Floor,Pet Supplies,1.0,3.0,,,,3.0,4.5,4.5,1.5
SKU0195,091324-3501-189262,2024-09-13,138,Window Visors Rain Guards Shield for 2017-2022 Kia,Automotive,1.0,1.0,35.29,0.028336639274582034,0.9716633607254179,1.0,24.703,24.703,23.703
SKU0196,091324-3501-189262,2024-09-13,166,"DuHouse 8.7"" Silk Hydrangea Flower Heads with Stems",Miscellaneous,1.0,3.0,16.9,0.1775147928994083,0.8224852071005917,3.0,11.829999999999998,11.829999999999998,8.829999999999998
SKU0185,091324-3501-189262,2024-09-13,17,"Aqara LED Ceiling Light T1M with Matter, Requires Aqara",Lighting & Electrical,1.0,5.0,149.99,0.033335555703713576,0.9666644442962864,5.0,104.993,104.993,99.993
SKU0186,091324-3501-189262,2024-09-13,29,Engine Coolant Reservoir,Miscellaneous,1.0,2.0,,,,2.0,3.0,3.0,1.0
SKU0197,091324-3501-189262,2024-09-13,294,"ACMEART Ceiling Curtain Track,Retractable Ceiling Track",Furniture,1.0,6.0,33.99,0.17652250661959398,0.823477493380406,6.0,23.793,23.793,17.793
SKU0198,091324-3501-189262,2024-09-13,315,Shelving Unit,Furniture,1.0,13.0,,,,13.0,19.5,19.5,6.5
SKU0199,091324-3501-189262,2024-09-13,331,Vanity Light,Lighting & Electrical,1.0,3.0,,,,3.0,4.5,4.5,1.5
SKU0200,091324-3501-189262,2024-09-13,334,"Tension Shower Curtain, Spring Shower Tension Curtain",Bedding & Textiles,1.0,3.0,45.99,0.06523157208088715,0.9347684279191129,3.0,32.193,32.193,29.192999999999998
SKU0201,091324-3501-189262,2024-09-13,338,"Yepdin Artificial Ficus Tree, Silk Ficus Tree for Home Decor",Home Decor,1.0,8.0,53.99,0.14817558807186515,0.8518244119281349,8.0,37.793,37.793,29.793
SKU0202,091324-3501-189262,2024-09-13,348,"Zebra Roller Window Blinds,Custom Cut to Size,Roller",Window Treatments,1.0,3.0,51.99,0.05770340450086555,0.9422965954991345,3.0,36.393,36.393,33.393
SKU0203,091324-3501-189262,2024-09-13,349,"MODE Premium Collection Curtain Rod 36 to 72 inches,",Bedding & Textiles,1.0,1.0,,,,1.0,1.5,1.5,0.5
SKU0204,091324-3501-189262,2024-09-13,350,Cambria® Designer Series - Premium 6 foot Custom Curtain,Bedding & Textiles,1.0,3.0,64.99,0.04616094783812895,0.953839052161871,3.0,45.492999999999995,45.492999999999995,42.492999999999995
SKU0205,091324-3501-189262,2024-09-13,352,"Tension Curtain Rod, 51-165 Inch,Spring Shower Closet for",Bedding & Textiles,1.0,3.0,49.99,0.060012002400480095,0.9399879975995199,3.0,34.993,34.993,31.993000000000002
SKU0206,091324-3501-189262,2024-09-13,353,Cambria® Designer Series - Premium 7 foot Custom Curtain,Bedding & Textiles,1.0,1.0,69.99,0.014287755393627663,0.9857122446063723,1.0,48.992999999999995,48.992999999999995,47.992999999999995
SKU0187,091324-3501-189262,2024-09-13,74,4PCS Window Visors Deflectors Vent Guards Sun Wind Rain,Automotive,1.0,1.0,35.99,0.027785495971103084,0.9722145040288969,1.0,25.193,25.193,24.193
SKU0188,091324-3501-189262,2024-09-13,79,Retractable Cargo Cover,Furniture,1.0,1.0,,,,1.0,1.5,1.5,0.5
SKU0176,092024-3501-190109,2024-09-20,370,"FAYEAN Metal Headboard, Full Size",Miscellaneous,1.0,2.0,,,,2.0,3.0,3.0,1.0
SKU0177,092024-3501-190109,2024-09-20,380,Tempered Glass Chair Mat,Furniture,1.0,4.0,,,,4.0,6.0,6.0,2.0
SKU0178,092024-3501-190109,2024-09-20,404,A-Premium Engine Water Pump WP51040TH-C,Miscellaneous,1.0,1.0,,,,1.0,1.5,1.5,0.5
SKU0179,092024-3501-190109,2024-09-20,465,The Door Bull Modern Yet Classic Style Bathroom Vanity,Lighting & Electrical,1.0,2.0,79.99,0.025003125390673835,0.9749968746093262,2.0,55.992999999999995,55.992999999999995,53.992999999999995
SKU0014,092024-3501-190109,2024-09-20,473,Mystery Item,Miscellaneous,1.0,6.0,,,,6.0,9.0,9.0,3.0
SKU0180,092024-3501-190109,2024-09-20,490,"Cordless Cellular Shades 34""W x 64""H Grey Leaves",Window Treatments,1.0,1.0,,,,1.0,1.5,1.5,0.5
SKU0181,092024-3501-190109,2024-09-20,496,Cordless Roller Shade,Window Treatments,1.0,2.0,,,,2.0,3.0,3.0,1.0
SKU0182,092024-3501-190109,2024-09-20,517,Aluminum Partition Rail,Miscellaneous,1.0,2.0,,,,2.0,3.0,3.0,1.0
SKU0183,092024-3501-190109,2024-09-20,598,"Mat for Pilates, Medidation (Blue)",Bedding & Textiles,1.0,1.0,,,,1.0,1.5,1.5,0.5
SKU0159,100424-3501-192429,2024-10-04,267,Tesla Model Y Floor Mats 6pcs,Automotive,1.0,1.0,,,,1.0,1.5,1.5,0.5
SKU0160,100424-3501-192429,2024-10-04,279,"ChrisDowa 100% Blackout Roller Shade, Window Blind with",Window Treatments,1.0,1.0,42.99,0.02326122354035822,0.9767387764596418,1.0,30.093,30.093,29.093
SKU0161,100424-3501-192429,2024-10-04,292,Oxdigi Tension Shower Doorway Curtain Rod/Adjustable,Furniture,1.0,1.0,36.09,0.027708506511499028,0.972291493488501,1.0,25.263,25.263,24.263
SKU0162,100424-3501-192429,2024-10-04,307,Handua Fits 24x24 Duct Opening | Steel Return Air Filter,Miscellaneous,1.0,1.0,89.94,0.011118523460084502,0.9888814765399155,1.0,62.95799999999999,62.95799999999999,61.95799999999999
SKU0163,100424-3501-192429,2024-10-04,308,Face Down Pillow After Eye Surgery - Home Massage Pillow,Bedding & Textiles,1.0,2.0,57.99,0.03448870494912916,0.9655112950508709,2.0,40.592999999999996,40.592999999999996,38.592999999999996
SKU0164,100424-3501-192429,2024-10-04,319,Bike Bunk for Cargo Tray - Adjustable A-Frame Trailer Bike,Furniture,1.0,2.0,159.99,0.012500781298831176,0.9874992187011689,2.0,111.993,111.993,109.993
SKU0165,100424-3501-192429,2024-10-04,322,"WILDFIX Shocks, Zinc Plated Coating",Miscellaneous,1.0,5.0,,,,5.0,7.5,7.5,2.5
SKU0166,100424-3501-192429,2024-10-04,323,Sports Weighted Vest,Miscellaneous,1.0,3.0,,,,3.0,4.5,4.5,1.5
SKU0167,100424-3501-192429,2024-10-04,324,Vatima Large Wicker Basket Rectangular with Wooden,Home Decor,1.0,12.0,99.95,0.12006003001500751,0.8799399699849925,12.0,69.965,69.965,57.965
SKU0168,100424-3501-192429,2024-10-04,325,"ChrisDowa Light Filtering Roller Shades, with 5% Openness",Lighting & Electrical,1.0,1.0,57.99,0.01724435247456458,0.9827556475254354,1.0,40.592999999999996,40.592999999999996,39.592999999999996
SKU0169,100424-3501-192429,2024-10-04,327,"ChrisDowa Cordless 100% Blackout Roller Shade, with",Window Treatments,1.0,2.0,43.99,0.04546487838145033,0.9545351216185497,2.0,30.793,30.793,28.793
SKU0170,100424-3501-192429,2024-10-04,334,SAMTEEN Modern Brass Semi Flush Mount Ceiling Light 3-,Lighting & Electrical,1.0,3.0,149.0,0.020134228187919462,0.9798657718120806,3.0,104.3,104.3,101.3
SKU0171,100424-3501-192429,2024-10-04,344,Floor Mats for Jeep Wagoneer 8 Seater,Automotive,1.0,3.0,,,,3.0,4.5,4.5,1.5
SKU0172,100424-3501-192429,2024-10-04,350,"Rectangle Wall Mirror 24""x36""",Home Decor,1.0,2.0,,,,2.0,3.0,3.0,1.0
SKU0173,100424-3501-192429,2024-10-04,351,SAILIN Replacement Driver Left Side Headlight Headlamp,Automotive,1.0,2.0,120.99,0.016530291759649558,0.9834697082403504,2.0,84.693,84.693,82.693
SKU0174,100424-3501-192429,2024-10-04,354,"ARNIS Plants Pots with Stand, Indoor Planter Pots, Unique",Miscellaneous,1.0,16.0,67.97,0.2353979696925114,0.7646020303074886,16.0,47.57899999999999,47.57899999999999,31.578999999999994
SKU0175,100424-3501-192429,2024-10-04,368,San Auto Car Floor Mats,Automotive,1.0,2.0,,,,2.0,3.0,3.0,1.0
SKU0088,100424-3501-192429,2024-10-04,375,Mystery Pallet,Miscellaneous,1.0,61.0,,,,61.0,91.5,91.5,30.5
SKU0149,101624-3501-194089,2024-10-16,583,USB C-Type Adapter,Miscellaneous,1.0,4.0,,,,4.0,6.0,6.0,2.0
SKU0150,101624-3501-194089,2024-10-16,627,"Disposable Stretchable Headband with Closure, 48 Ct.",Miscellaneous,1.0,1.0,17.05,0.05865102639296187,0.9413489736070382,1.0,11.935,11.935,10.935
SKU0151,101624-3501-194089,2024-10-16,649,"WaitfairyWomens Pants Light Grey, Size Large",Lighting & Electrical,1.0,4.0,,,,4.0,6.0,6.0,2.0
SKU0152,101624-3501-194089,2024-10-16,650,KIKIBERRY Womens Sleeveless Active Tank Tops,Miscellaneous,1.0,3.0,14.99,0.200133422281521,0.799866577718479,3.0,10.493,10.493,7.493
SKU0153,101624-3501-194089,2024-10-16,653,Tie Dye Printed Sleepwear Size Large,Miscellaneous,1.0,4.0,,,,4.0,6.0,6.0,2.0
SKU0154,101624-3501-194089,2024-10-16,663,Amazon Essentials Mens Sherpa Lined Full-Zip Hooded,Miscellaneous,1.0,6.0,40.0,0.15,0.85,6.0,28.0,28.0,22.0
SKU0155,101624-3501-194089,2024-10-16,672,LETDIOSTO Women's Top Shirt Caramel Large,Apparel,1.0,1.0,,,,1.0,1.5,1.5,0.5
SKU0156,101624-3501-194089,2024-10-16,673,"Dealmed 6"" Cotton-Tipped Wood Applicators – 200 Sterile",Pet Supplies,1.0,4.0,8.99,0.44493882091212456,0.5550611790878754,4.0,6.293,6.293,2.293
SKU0157,101624-3501-194089,2024-10-16,677,"Soiiw Nail Tool Sterilizer Box, Plastic Sterilization Tray",Tools & Hardware,1.0,1.0,8.99,0.11123470522803114,0.8887652947719689,1.0,6.293,6.293,5.293
SKU0158,101624-3501-194089,2024-10-16,684,"NICEBIRDIE Nose Hair Trimmer for Men Women, USB",Miscellaneous,1.0,3.0,12.99,0.23094688221709006,0.76905311778291,3.0,9.093,9.093,6.093
SKU0137,101824-3501-194464,2024-10-18,637,Dasbecan Hyundai Elantra Passenger Headlight,Automotive,1.0,1.0,,,,1.0,1.5,1.5,0.5
SKU0138,101824-3501-194464,2024-10-18,672,Floor Mats for Suburban 7 ZUO,Automotive,1.0,1.0,,,,1.0,1.5,1.5,0.5
SKU0139,101824-3501-194464,2024-10-18,676,Popilush Shapewear Tummy Control Thong Bodysuit Plus,Miscellaneous,1.0,2.0,,,,2.0,3.0,3.0,1.0
SKU0140,101824-3501-194464,2024-10-18,680,SANTINY Women's High Waisted Swim Shorts with Pockets,Apparel,1.0,1.0,26.99,0.037050759540570584,0.9629492404594294,1.0,18.892999999999997,18.892999999999997,17.892999999999997
SKU0141,101824-3501-194464,2024-10-18,681,CUPSHE Women's Tankini Sets Two Piece Swimsuit Halter,Apparel,1.0,2.0,34.99,0.057159188339525574,0.9428408116604744,2.0,24.493,24.493,22.493
SKU0142,101824-3501-194464,2024-10-18,683,Floral Dress,Apparel,1.0,2.0,,,,2.0,3.0,3.0,1.0
SKU0143,101824-3501-194464,2024-10-18,684,2XL Bathing Suit Top,Miscellaneous,1.0,1.0,,,,1.0,1.5,1.5,0.5
SKU0144,101824-3501-194464,2024-10-18,686,BMJL Women's Bikini Sets V Neck High Waisted Swimsuits,Apparel,1.0,4.0,37.99,0.10529086601737299,0.894709133982627,4.0,26.593,26.593,22.593
SKU0145,101824-3501-194464,2024-10-18,689,Remidoo Women's Casual Puff Short Sleeve Top Crewneck,Apparel,1.0,1.0,28.99,0.03449465332873405,0.965505346671266,1.0,20.293,20.293,19.293
SKU0146,101824-3501-194464,2024-10-18,690,Water Bottle Carrier with Strap,Pet Supplies,1.0,2.0,13.99,0.14295925661186562,0.8570407433881344,2.0,9.793,9.793,7.792999999999999
SKU0147,101824-3501-194464,2024-10-18,714,22-Inch Ceiling Fan,Lighting & Electrical,1.0,2.0,,,,2.0,3.0,3.0,1.0
SKU0148,101824-3501-194464,2024-10-18,724,"SHECUTE Zebra Roller Shade, Light Gray",Lighting & Electrical,1.0,2.0,,,,2.0,3.0,3.0,1.0
SKU0135,102424-3501-195253,2024-10-24,543,"Moon Ski Helmet Snowboard Helmet, Purple",Miscellaneous,1.0,1.0,,,,1.0,1.5,1.5,0.5
SKU0136,102424-3501-195253,2024-10-24,566,EcoSmart 75-Watt Equivalent PAR30 Dimmable Flood LED,Lighting & Electrical,1.0,2.0,13.98,0.14306151645207438,0.8569384835479257,2.0,9.786,9.786,7.786
SKU0134,120624-3501-201435,2024-12-06,27,Bessey Drop Forged C-Clamp 2 Inch Capacity 1-1/2 Inch,Tools & Hardware,1.0,2.0,3.49,0.5730659025787965,0.4269340974212035,2.0,2.443,2.443,0.44300000000000006
SKU0133,011625-3501-206695,2025-01-16,237,Enbrighten Dimmable Motion-Sensing/Touch-Activated LED,Miscellaneous,1.0,4.0,22.97,0.174140182847192,0.825859817152808,4.0,16.078999999999997,16.078999999999997,12.078999999999997
SKU0120,011825-3501-206970,2025-01-18,402,"LazBlinds No Tools No Drill 1"" Vinyl Mini Blinds, Cordless",Tools & Hardware,1.0,2.0,42.49,0.047069898799717576,0.9529301012002824,2.0,29.743,29.743,27.743
SKU0121,011825-3501-206970,2025-01-18,414,"Room Essentials Storage Basket 18""x14""x9 3/4""",Home Decor,1.0,5.0,12.99,0.3849114703618168,0.6150885296381832,5.0,9.093,9.093,4.093
SKU0122,011825-3501-206970,2025-01-18,426,Men's Relaxed Fit Long Sleeve Scoop Thermal Underwear,Miscellaneous,1.0,3.0,10.0,0.3,0.7,3.0,7.0,7.0,4.0
SKU0123,011825-3501-206970,2025-01-18,427,Women's Crewneck Pullover Sweater - A New Day™,Apparel,1.0,4.0,25.0,0.16,0.84,4.0,17.5,17.5,13.5
SKU0124,011825-3501-206970,2025-01-18,428,Women's High-Rise Tapered Joggers - Wild Fable™ Size,Apparel,1.0,4.0,25.0,0.16,0.84,4.0,17.5,17.5,13.5
SKU0124,011825-3501-206970,2025-01-18,429,Women's High-Rise Tapered Joggers - Wild Fable™ Size,Apparel,1.0,5.0,25.0,0.2,0.8,5.0,17.5,17.5,12.5
SKU0125,011825-3501-206970,2025-01-18,439,Women's High-Rise 90's Straight Jeans - Universal Thread™,Apparel,1.0,2.0,36.0,0.05555555555555555,0.9444444444444444,2.0,25.2,25.2,23.2
SKU0126,011825-3501-206970,2025-01-18,440,"Universal Thread Super Stretch Skinny Jeans, Size 14S",Apparel,1.0,4.09,,,,4.09,6.135,6.135,2.045
SKU0127,011825-3501-206970,2025-01-18,457,Women's Leisure Studio Mid-Rise Knit Straight Leg,Miscellaneous,1.0,3.0,25.0,0.12,0.88,3.0,17.5,17.5,14.5
SKU0128,011825-3501-206970,2025-01-18,458,"Set of 2 Spritz 10"" Metallic Cake Serving Stand",Miscellaneous,1.0,2.0,20.0,0.1,0.9,2.0,14.0,14.0,12.0
SKU0129,011825-3501-206970,2025-01-18,468,Isotoner Microsuede Gloves - S/M,Apparel,1.0,3.0,24.99,0.12004801920768308,0.879951980792317,3.0,17.493,17.493,14.492999999999999
SKU0130,011825-3501-206970,2025-01-18,470,Set of 2 Range Kleen 2pk Universal Chrome Drip Bowls,Miscellaneous,1.0,2.0,17.98,0.11123470522803114,0.8887652947719689,2.0,12.586,12.586,10.586
SKU0131,011825-3501-206970,2025-01-18,475,Set of 2 Modway High Back White Chairs,Furniture,1.0,6.0,,,,6.0,9.0,9.0,3.0
SKU0132,011825-3501-206970,2025-01-18,477,Fresh Wave Plant-Based Odor Removing Gel 11oz,Miscellaneous,1.0,2.0,9.99,0.20020020020020018,0.7997997997997999,2.0,6.992999999999999,6.992999999999999,4.992999999999999
SKU0118,011825-3501-207027,2025-01-18,120,Set of 4 Threshold Studio McGee Set of 2 Rope Ball,Miscellaneous,1.0,3.0,80.0,0.0375,0.9625,3.0,56.0,56.0,53.0
SKU0119,011825-3501-207027,2025-01-18,123,Keep America Great Flag,Miscellaneous,1.0,2.0,,,,2.0,3.0,3.0,1.0
SKU0116,011825-3501-207027,2025-01-18,53,Digital Food Meat Thermometer,Electronics & Small Appliances,1.0,7.0,,,,7.0,10.5,10.5,3.5
SKU0117,011825-3501-207027,2025-01-18,54,"USB C Fast Charging Cord, 4.9ft/1.5M",Miscellaneous,1.0,6.0,,,,6.0,9.0,9.0,3.0
SKU0110,012325-3501-207678,2025-01-23,590,L'OCCITANE Solid Stick Aluminum Free Deodorant: Reduce,Health & Personal Care,1.0,2.0,22.0,0.09090909090909091,0.9090909090909091,2.0,15.399999999999999,15.399999999999999,13.399999999999999
SKU0111,012325-3501-207678,2025-01-23,596,AGE beautiful Permanent Hair Color Dye Liqui Creme | 100%,Health & Personal Care,1.0,1.0,12.0,0.08333333333333333,0.9166666666666666,1.0,8.399999999999999,8.399999999999999,7.399999999999999
SKU0111,012325-3501-207678,2025-01-23,599,AGE beautiful Permanent Hair Color Dye Liqui Creme | 100%,Health & Personal Care,1.0,1.0,12.0,0.08333333333333333,0.9166666666666666,1.0,8.399999999999999,8.399999999999999,7.399999999999999
SKU0112,012325-3501-207678,2025-01-23,603,"RevitaLash Cosmetics, RevitaLash Advanced Eyelash",Health & Personal Care,1.0,3.0,59.0,0.05084745762711865,0.9491525423728814,3.0,41.3,41.3,38.3
SKU0112,012325-3501-207678,2025-01-23,607,"RevitaLash Cosmetics, RevitaLash Advanced Eyelash",Health & Personal Care,1.0,3.0,59.0,0.05084745762711865,0.9491525423728814,3.0,41.3,41.3,38.3
SKU0113,012325-3501-207678,2025-01-23,628,Women's Elegant Crossover Swimsuit Pink Polka Dot XL,Apparel,1.0,4.0,,,,4.0,6.0,6.0,2.0
SKU0114,012325-3501-207678,2025-01-23,634,"COLORCHARM Demi Permanent Hair Color, Hair Dye for",Health & Personal Care,1.0,1.0,9.99,0.10010010010010009,0.8998998998998999,1.0,6.992999999999999,6.992999999999999,5.992999999999999
SKU0115,012325-3501-207678,2025-01-23,658,"Press-On Nails, One Minute Nail Tips, 24pcs",Tools & Hardware,1.0,2.0,,,,2.0,3.0,3.0,1.0
SKU0092,013125-3501-208950,2025-01-31,424,"VONLUCE Semi Flush Mount Ceiling Light, 13'' Ceiling Light",Lighting & Electrical,1.0,5.0,49.99,0.10002000400080016,0.8999799959991999,5.0,34.993,34.993,29.993000000000002
SKU0093,013125-3501-208950,2025-01-31,425,"Spectrum Diversified Euro Round Napkin Holder, Satin",Miscellaneous,1.0,2.0,19.99,0.10005002501250626,0.8999499749874937,2.0,13.992999999999999,13.992999999999999,11.992999999999999
SKU0094,013125-3501-208950,2025-01-31,426,"KoKo&Yukina 10"" Globe Pendant Light Black Mid Century",Lighting & Electrical,1.0,11.0,79.99,0.1375171896487061,0.8624828103512939,11.0,55.992999999999995,55.992999999999995,44.992999999999995
SKU0095,013125-3501-208950,2025-01-31,432,"35qt Waste Container, Silver Grey",Miscellaneous,1.0,16.5,,,,16.5,24.75,24.75,8.25
SKU0096,013125-3501-208950,2025-01-31,447,Downluxe Down Feather Pillows,Bedding & Textiles,1.0,25.0,,,,25.0,37.5,37.5,12.5
SKU0097,013125-3501-208950,2025-01-31,457,Comfort Spaces Cotton Comforter Set Jacquard Pom-Pom,Bedding & Textiles,1.0,11.0,63.99,0.17190185966557275,0.8280981403344272,11.0,44.793,44.793,33.793
SKU0098,013125-3501-208950,2025-01-31,493,"monTEK Swivel Bike Wall Mount, Bike Hangers for Garage,",Miscellaneous,1.0,6.0,26.95,0.22263450834879406,0.7773654916512059,6.0,18.865,18.865,12.864999999999998
SKU0099,013125-3501-208950,2025-01-31,516,"Acrylic Cutting Board with Juice Groove, Non Slip Clear",Miscellaneous,1.0,6.0,33.99,0.17652250661959398,0.823477493380406,6.0,23.793,23.793,17.793
SKU0100,013125-3501-208950,2025-01-31,522,"15"" Rattan Pendant Light,3-Light Black White Faux Rattan",Lighting & Electrical,1.0,5.0,159.99,0.03125195324707794,0.968748046752922,5.0,111.993,111.993,106.993
SKU0101,013125-3501-208950,2025-01-31,524,"HOCAT Rattan Nightstand Bedside Tables, Modern Wood",Pet Supplies,1.0,14.0,50.99,0.2745636399293979,0.7254363600706021,14.0,35.693,35.693,21.692999999999998
SKU0102,013125-3501-208950,2025-01-31,528,Yuesstloo Double Clutch Dry DPS6 Transmission Installer,Miscellaneous,1.0,6.0,108.99,0.055050922102945224,0.9449490778970547,6.0,76.29299999999999,76.29299999999999,70.29299999999999
SKU0103,013125-3501-208950,2025-01-31,534,"YSAGi Leather Desk Pad Protector, Office Desk Mat, Large",Furniture,1.0,9.0,26.99,0.33345683586513525,0.6665431641348647,9.0,18.892999999999997,18.892999999999997,9.892999999999997
SKU0104,013125-3501-208950,2025-01-31,549,Large Cushion,Miscellaneous,1.0,4.0,,,,4.0,6.0,6.0,2.0
SKU0105,013125-3501-208950,2025-01-31,636,Step Ladder 4 Step Folding Step Ladder with Handles White,Tools & Hardware,1.0,19.0,57.99,0.327642697016727,0.672357302983273,19.0,40.592999999999996,40.592999999999996,21.592999999999996
SKU0106,013125-3501-208950,2025-01-31,660,"Brightroom Coiled Rope Basket 11""",Home Decor,1.0,6.0,12.0,0.5,0.5,6.0,8.399999999999999,8.399999999999999,2.3999999999999986
SKU0107,013125-3501-208950,2025-01-31,678,Ouidad Advanced Climate Control Heat & Humidity Gel,Bedding & Textiles,1.0,3.0,26.0,0.11538461538461539,0.8846153846153846,3.0,18.2,18.2,15.2
SKU0108,013125-3501-208950,2025-01-31,688,Exellewis 2024-2025 Academic Year Planner 24x36 Inch,Miscellaneous,1.0,1.0,,,,1.0,1.5,1.5,0.5
SKU0109,013125-3501-208950,2025-01-31,697,Baleaf Water Resistant Hiking Pants Size XL,Apparel,1.0,4.0,37.99,0.10529086601737299,0.894709133982627,4.0,26.593,26.593,22.593
SKU0088,013125-3501-208950,2025-01-31,701,Mystery Pallet,Miscellaneous,1.0,49.0,,,,49.0,73.5,73.5,24.5
SKU0090,020525-3501-209624,2025-02-05,144,"ULIKELED 3W 395NM LED Black Light, Flexible Gooseneck",Lighting & Electrical,1.0,2.0,8.99,0.22246941045606228,0.7775305895439377,2.0,6.293,6.293,4.293
SKU0091,020525-3501-209624,2025-02-05,183,Commercial Electric 4 in. J Box 8-Watt Dimmable White,Miscellaneous,1.0,2.0,19.97,0.10015022533800702,0.899849774661993,2.0,13.979,13.979,11.979
SKU0089,020525-3501-209624,2025-02-05,89,Sportneer Pull Up Bar: Strength Training Chin up Bar without,Miscellaneous,1.0,3.0,39.99,0.07501875468867217,0.9249812453113279,3.0,27.993,27.993,24.993
SKU0083,020725-3501-209980,2025-02-07,201,NINESTARS Automatic Touchless Motion Sensor,Bedding & Textiles,1.0,22.0,69.98,0.31437553586739064,0.6856244641326094,22.0,48.986,48.986,26.985999999999997
SKU0084,020725-3501-209980,2025-02-07,367,Stair Basket Felt Staircase Organizer with Handles,Home Decor,1.0,5.0,10.99,0.4549590536851683,0.5450409463148317,5.0,7.693,7.693,2.6929999999999996
SKU0085,020725-3501-209980,2025-02-07,372,Ceiling Light,Lighting & Electrical,1.0,1.0,,,,1.0,1.5,1.5,0.5
SKU0086,020725-3501-209980,2025-02-07,383,"Yecaye Office Chair Mat for Hardwood Floor, Clear Office",Furniture,1.0,11.0,29.99,0.3667889296432144,0.6332110703567856,11.0,20.993,20.993,9.992999999999999
SKU0087,020725-3501-209980,2025-02-07,398,Aosky Cordless Roller Blind,Window Treatments,1.0,2.0,,,,2.0,3.0,3.0,1.0
SKU0088,020725-3501-209980,2025-02-07,430,Mystery Pallet,Miscellaneous,1.0,205.0,,,,205.0,307.5,307.5,102.5
SKU0081,021925-3501-211566,2025-02-19,468,Cycling Shorts Size XL,Apparel,1.0,2.0,,,,2.0,3.0,3.0,1.0
SKU0082,021925-3501-211566,2025-02-19,527,Wi-Fi Camera,Electronics & Small Appliances,1.0,15.0,,,,15.0,22.5,22.5,7.5
SKU0078,022025-3501-211717,2025-02-20,514,"Gray Top, Size XL",Miscellaneous,1.0,2.0,,,,2.0,3.0,3.0,1.0
SKU0079,022025-3501-211717,2025-02-20,520,"Mystery Clothing Item, Size XL",Miscellaneous,1.0,2.0,,,,2.0,3.0,3.0,1.0
SKU0080,022025-3501-211717,2025-02-20,556,REMBRANDT Intense Stain Whitening Toothpaste With,Health & Personal Care,1.0,5.0,14.99,0.333555703802535,0.666444296197465,5.0,10.493,10.493,5.493
SKU0079,022025-3501-211717,2025-02-20,623,"Mystery Clothing Item, Size XL",Miscellaneous,1.0,2.0,,,,2.0,3.0,3.0,1.0
SKU0076,022125-3501-211869,2025-02-21,41,"Threshold Potted Faux Plant, Set of 4",Miscellaneous,1.0,2.0,20.0,0.1,0.9,2.0,14.0,14.0,12.0
SKU0077,022125-3501-211869,2025-02-21,70,Ainope Car Charger Adapter,Electronics & Small Appliances,1.0,1.0,,,,1.0,1.5,1.5,0.5
SKU0063,030525-3501-213320,2025-03-05,388,FULLFITALL Womens Swimsuits Plus Size Tankini Two,Apparel,1.0,11.0,29.99,0.3667889296432144,0.6332110703567856,11.0,20.993,20.993,9.992999999999999
SKU0064,030525-3501-213320,2025-03-05,394,Fullfitall Floral Swimsuit Size 14,Apparel,1.0,6.0,,,,6.0,9.0,9.0,3.0
SKU0065,030525-3501-213320,2025-03-05,395,Fullfitall Swimsuit Size 14,Apparel,1.0,6.0,,,,6.0,9.0,9.0,3.0
SKU0063,030525-3501-213320,2025-03-05,396,FULLFITALL Womens Swimsuits Plus Size Tankini Two,Apparel,1.0,11.0,29.99,0.3667889296432144,0.6332110703567856,11.0,20.993,20.993,9.992999999999999
SKU0066,030525-3501-213320,2025-03-05,397,Prinstory Women's Casual Medium Print Clothing Item,Miscellaneous,1.0,3.0,,,,3.0,4.5,4.5,1.5
SKU0067,030525-3501-213320,2025-03-05,402,Premium Ultra Soft Womens High Waisted Capri Leggings -,Apparel,1.0,4.25,,,,4.25,6.375,6.375,2.125
SKU0068,030525-3501-213320,2025-03-05,407,"MANGDIUP Women's Classic Crewneck T-Shirt (Mocha, XL)",Apparel,1.0,3.0,,,,3.0,4.5,4.5,1.5
SKU0069,030525-3501-213320,2025-03-05,421,"Made by Design Non-Stick Cake Pan 9""x13""",Miscellaneous,1.0,4.0,,,,4.0,6.0,6.0,2.0
SKU0070,030525-3501-213320,2025-03-05,450,"Bentex MAXXIM Seamless Leggings, Large",Apparel,1.0,5.0,,,,5.0,7.5,7.5,2.5
SKU0071,030525-3501-213320,2025-03-05,464,"GRECERELLE Women's Casual Colorblock Tunic, Leopard",Miscellaneous,1.0,7.0,,,,7.0,10.5,10.5,3.5
SKU0072,030525-3501-213320,2025-03-05,466,"GRECERELLE Light Blue Floral Dress, Medium",Lighting & Electrical,1.0,4.88,,,,4.88,7.32,7.32,2.4400000000000004
SKU0070,030525-3501-213320,2025-03-05,478,"Bentex MAXXIM Seamless Leggings, Large",Apparel,1.0,5.0,,,,5.0,7.5,7.5,2.5
SKU0073,030525-3501-213320,2025-03-05,504,MOUEEY Women's Workout Hiking Shorts Running Athletic,Apparel,1.0,6.0,19.99,0.3001500750375188,0.6998499249624812,6.0,13.992999999999999,13.992999999999999,7.9929999999999986
SKU0074,030525-3501-213320,2025-03-05,505,Souactimuy Women's Button Down Plaid Shirt,Apparel,1.0,3.0,,,,3.0,4.5,4.5,1.5
SKU0075,030525-3501-213320,2025-03-05,506,"Ribbed Midi Dress Orange, Large",Apparel,1.0,2.0,,,,2.0,3.0,3.0,1.0
SKU0009,030725-3501-213780,2025-03-07,152,Allen+Roth 21-in 3-Light Chrome Modern/Contemporary,Lighting & Electrical,1.0,2.0,84.98,0.023534949399858788,0.9764650506001412,2.0,59.486,59.486,57.486
SKU0058,032625-3501-216427,2025-03-26,708,3 Pack Molic Dish Drying Mat for Kitchen Counter Easy,Bedding & Textiles,1.0,6.0,,,,6.0,9.0,9.0,3.0
SKU0059,032625-3501-216427,2025-03-26,709,"2 Pack Amazon Basics USB-A 3.0 Extension Cable, 4.8Gbps",Miscellaneous,1.0,3.0,17.06,0.1758499413833529,0.8241500586166471,3.0,11.941999999999998,11.941999999999998,8.941999999999998
SKU0060,032625-3501-216427,2025-03-26,721,4-Piece Cantilever Offset Patio Umbrella Stand Square Base,Miscellaneous,1.0,1.0,114.99,0.008696408383337682,0.9913035916166624,1.0,80.493,80.493,79.493
SKU0061,032625-3501-216427,2025-03-26,722,"Kichler Lighting Camerena 36"" 4 Light Vanity Light with White",Lighting & Electrical,1.0,3.0,229.99,0.013044045393277968,0.986955954606722,3.0,160.993,160.993,157.993
SKU0061,032625-3501-216427,2025-03-26,723,"Kichler Lighting Camerena 36"" 4 Light Vanity Light with White",Lighting & Electrical,1.0,3.0,229.99,0.013044045393277968,0.986955954606722,3.0,160.993,160.993,157.993
SKU0062,032625-3501-216427,2025-03-26,733,Hand Paper Towel Dispenser Square Hand Towel Tray Wall-,Bedding & Textiles,1.0,2.0,38.9,0.05141388174807198,0.9485861182519281,2.0,27.229999999999997,27.229999999999997,25.229999999999997
SKU0043,041825-3501-219465,2025-04-18,442,HD USB Power Charger Wifi Camera,Electronics & Small Appliances,1.0,4.0,,,,4.0,6.0,6.0,2.0
SKU0044,041825-3501-219465,2025-04-18,444,LASFIT LED Lighting LC6 9005 Headlight Bulbs,Automotive,1.0,4.0,,,,4.0,6.0,6.0,2.0
SKU0045,041825-3501-219465,2025-04-18,446,Hapi Life XL All Purpose Bag with Carabiner & Zipper on Top,Miscellaneous,1.0,2.0,,,,2.0,3.0,3.0,1.0
SKU0046,041825-3501-219465,2025-04-18,458,Truck Running Boards,Miscellaneous,1.0,2.0,,,,2.0,3.0,3.0,1.0
SKU0047,041825-3501-219465,2025-04-18,473,Set of 2 Amazon Essentials Men's Full-Zip Polar Fleece Vest,Miscellaneous,1.0,4.0,34.8,0.1149425287356322,0.8850574712643678,4.0,24.359999999999996,24.359999999999996,20.359999999999996
SKU0048,041825-3501-219465,2025-04-18,487,7inch HDMI LCD B for Various Systems Raspberry,Miscellaneous,1.0,9.72,49.99,0.19443888777755552,0.8055611122224444,9.72,34.993,34.993,25.273000000000003
SKU0049,041825-3501-219465,2025-04-18,489,Oucam P2 Mini Wireless WIFI Camera,Electronics & Small Appliances,1.0,2.0,,,,2.0,3.0,3.0,1.0
SKU0050,041825-3501-219465,2025-04-18,514,"Cat Backpack Carrier, Pet Cat Carrier with Ventilated Design",Pet Supplies,1.0,4.0,26.99,0.14820303816228234,0.8517969618377177,4.0,18.892999999999997,18.892999999999997,14.892999999999997
SKU0051,041825-3501-219465,2025-04-18,520,"SimpleHome 100% Blackout Curtains for Bedroom,Thermal",Bedding & Textiles,1.0,4.0,28.99,0.1379786133149362,0.8620213866850638,4.0,20.293,20.293,16.293
SKU0052,041825-3501-219465,2025-04-18,525,FEMELI Acrylic Floating Shelves,Miscellaneous,1.0,2.0,,,,2.0,3.0,3.0,1.0
SKU0053,041825-3501-219465,2025-04-18,527,"Drillmaster 120V 7-1/4"" Circular Saw",Tools & Hardware,1.0,9.05,29.99,0.3017672557519173,0.6982327442480827,9.05,20.993,20.993,11.942999999999998
SKU0054,041825-3501-219465,2025-04-18,561,"Govee 32.8ft RGBIC LED Strip Lights, WiFi Color Changing",Lighting & Electrical,1.0,10.0,49.99,0.20004000800160032,0.7999599919983997,10.0,34.993,34.993,24.993000000000002
SKU0055,041825-3501-219465,2025-04-18,564,Multifunctional Portable Reading Book Stand (Black),Furniture,1.0,3.0,,,,3.0,4.5,4.5,1.5
SKU0056,041825-3501-219465,2025-04-18,572,Segal S 4752 Fixed Window Guard – Adjustable Child Safety,Furniture,1.0,1.0,35.92,0.027839643652561245,0.9721603563474388,1.0,25.144,25.144,24.144
SKU0057,041825-3501-219465,2025-04-18,575,"Teckin SP20 Smart Wi-Fi Plug, 4 Pack",Miscellaneous,1.0,8.0,29.99,0.26675558519506504,0.733244414804935,8.0,20.993,20.993,12.992999999999999
SKU0016,042425-3501-220504,2025-04-24,610,"L-Shaped Corner Desk, White",Furniture,1.0,16.0,,,,16.0,24.0,24.0,8.0
SKU0017,042425-3501-220504,2025-04-24,619,Abstract Modern Picture Wall Art: Blue Artwork Painting on,Home Decor,1.0,8.0,107.99,0.07408093341976109,0.9259190665802389,8.0,75.59299999999999,75.59299999999999,67.59299999999999
SKU0018,042425-3501-220504,2025-04-24,627,"Regalo 56-Inch Extra WideSpan Walk Through Baby Gate,",Baby & Safety,1.0,2.0,64.99,0.030773965225419298,0.9692260347745807,2.0,45.492999999999995,45.492999999999995,43.492999999999995
SKU0019,042425-3501-220504,2025-04-24,630,Coaster Home Furnishings Marbrisa Slat Back Side Chairs,Furniture,1.0,23.0,175.0,0.13142857142857142,0.8685714285714285,23.0,122.49999999999999,122.49999999999999,99.49999999999999
SKU0020,042425-3501-220504,2025-04-24,638,Roomratv Flush Mount Ceiling Light with Night Light and,Lighting & Electrical,1.0,7.0,,,,7.0,10.5,10.5,3.5
SKU0021,042425-3501-220504,2025-04-24,640,Summer Infant Wood Banister & Stair Safety Pet and Baby,Pet Supplies,1.0,3.0,119.99,0.025002083506958914,0.9749979164930411,3.0,83.993,83.993,80.993
SKU0022,042425-3501-220504,2025-04-24,642,"LED Picture Light Fixtures 16.54 Inches, Modern Metal",Lighting & Electrical,1.0,2.0,68.88,0.029036004645760744,0.9709639953542393,2.0,48.215999999999994,48.215999999999994,46.215999999999994
SKU0023,042425-3501-220504,2025-04-24,650,"Sun Smart Blakesly Blackout Curtains Patio Window, Ikat",Bedding & Textiles,1.0,4.0,36.99,0.10813733441470667,0.8918626655852934,4.0,25.893,25.893,21.893
SKU0024,042425-3501-220504,2025-04-24,652,Hampton Bay Olgelthorpe 22 in. 3-Light Brushed Nickel,Lighting & Electrical,1.0,3.0,79.97,0.03751406777541578,0.9624859322245842,3.0,55.979,55.979,52.979
SKU0025,042425-3501-220504,2025-04-24,659,Shur-Line Edger Pro Paint Edger,Miscellaneous,1.0,2.0,5.99,0.333889816360601,0.666110183639399,2.0,4.193,4.193,2.1929999999999996
SKU0026,042425-3501-220504,2025-04-24,663,Drop-In Oval Bathroom Sinkg,Miscellaneous,1.0,2.0,163.61,0.012224191675325468,0.9877758083246745,2.0,114.527,114.527,112.527
SKU0027,042425-3501-220504,2025-04-24,667,Swiss Madison Well Made Forever SM-WC124 Wall Bidet,Miscellaneous,1.0,1.0,129.35,0.007730962504831852,0.9922690374951681,1.0,90.54499999999999,90.54499999999999,89.54499999999999
SKU0028,042425-3501-220504,2025-04-24,675,"Flash Furniture Replacement Table Base 22""x22"" BASE",Furniture,1.0,5.0,,,,5.0,7.5,7.5,2.5
SKU0029,042425-3501-220504,2025-04-24,677,"Bostitch Collated 3 in. x .120 15 Deg., Framing Nail, 2,700",Tools & Hardware,1.0,6.0,94.99,0.06316454363617223,0.9368354563638278,6.0,66.493,66.493,60.492999999999995
SKU0030,042425-3501-220504,2025-04-24,681,"Tioncy 2pcs Multifunction Containers for Restaurant, White",Miscellaneous,1.0,5.0,,,,5.0,7.5,7.5,2.5
SKU0031,042425-3501-220504,2025-04-24,683,Cross Nail Charm Silver Decorations (Retro Silver),Tools & Hardware,1.0,2.0,,,,2.0,3.0,3.0,1.0
SKU0032,042425-3501-220504,2025-04-24,688,Tumbler with Handle,Miscellaneous,1.0,6.0,,,,6.0,9.0,9.0,3.0
SKU0033,042425-3501-220504,2025-04-24,689,"Home Brilliant Decor Throw Pillow Case 12x20, Black",Bedding & Textiles,1.0,1.0,,,,1.0,1.5,1.5,0.5
SKU0033,042425-3501-220504,2025-04-24,691,"Home Brilliant Decor Throw Pillow Case 12x20, Black",Bedding & Textiles,1.0,1.0,,,,1.0,1.5,1.5,0.5
SKU0034,042425-3501-220504,2025-04-24,701,Mystery Jewelry Item,Miscellaneous,1.0,2.0,,,,2.0,3.0,3.0,1.0
SKU0035,042425-3501-220504,2025-04-24,705,10 Pairs LAICIGO Women's Closed Pointed Toe Knot Ankle,Miscellaneous,1.0,1.0,,,,1.0,1.5,1.5,0.5
SKU0036,042425-3501-220504,2025-04-24,707,CucinaPro Meat Grinder Accessories,Miscellaneous,1.0,2.0,,,,2.0,3.0,3.0,1.0
SKU0037,042425-3501-220504,2025-04-24,708,3-Panel Wrought Iron Metal Fireplace Screen Cover w/ Scroll,Miscellaneous,1.0,4.0,218.99,0.01826567423170008,0.9817343257682999,4.0,153.293,153.293,149.293
SKU0038,042425-3501-220504,2025-04-24,709,3-Light Vanity Wall Sconce with Frosted Glass,Lighting & Electrical,1.0,3.0,,,,3.0,4.5,4.5,1.5
SKU0039,042425-3501-220504,2025-04-24,711,"Mainstays 1"" Cordless Vinyl Light Filtering Blinds, 1-Piece,",Lighting & Electrical,1.0,1.0,15.97,0.06261740763932373,0.9373825923606762,1.0,11.179,11.179,10.179
SKU0040,042425-3501-220504,2025-04-24,712,Bamboo Blinds,Window Treatments,1.0,2.0,,,,2.0,3.0,3.0,1.0
SKU0041,042425-3501-220504,2025-04-24,713,Flynix Bathroom Vanity Light 24 Inch 20W Modern Wall Light,Lighting & Electrical,1.0,5.0,55.99,0.0893016610108948,0.9106983389891052,5.0,39.193,39.193,34.193
SKU0042,042425-3501-220504,2025-04-24,719,Electric Trailer Jack,Miscellaneous,1.0,46.0,,,,46.0,69.0,69.0,23.0
SKU0004,042525-3501-220704,2025-04-25,104,"wansview Outdoor Security Camera, 1080P Wireless WiFi",Electronics & Small Appliances,1.0,25.0,,,,25.0,37.5,37.5,12.5
SKU0005,042525-3501-220704,2025-04-25,108,Hampton Bay 3-Light White Ceiling Spotlight,Lighting & Electrical,1.0,3.0,24.97,0.12014417300760914,0.8798558269923908,3.0,17.479,17.479,14.479
SKU0006,042525-3501-220704,2025-04-25,121,Convertible Backpack Messenger Shoulder bag Laptop Case,Apparel,1.0,20.98,52.99,0.395923759199849,0.604076240800151,20.98,37.092999999999996,37.092999999999996,16.112999999999996
SKU0007,042525-3501-220704,2025-04-25,122,"36"" Wood Mantel Shelf Brown - Hearth & Hand™ with",Furniture,1.0,3.0,29.99,0.10003334444814939,0.8999666555518506,3.0,20.993,20.993,17.993
SKU0008,042525-3501-220704,2025-04-25,127,Glass Cutting Board,Miscellaneous,1.0,10.0,,,,10.0,15.0,15.0,5.0
SKU0009,042525-3501-220704,2025-04-25,129,Allen+Roth 21-in 3-Light Chrome Modern/Contemporary,Lighting & Electrical,1.0,2.0,84.98,0.023534949399858788,0.9764650506001412,2.0,59.486,59.486,57.486
SKU0010,042525-3501-220704,2025-04-25,133,Charcoal Grill,Miscellaneous,1.0,12.0,,,,12.0,18.0,18.0,6.0
SKU0011,042525-3501-220704,2025-04-25,136,Duralast Gold C.V. Shaft Assembly,Miscellaneous,1.0,4.0,,,,4.0,6.0,6.0,2.0
SKU0012,042525-3501-220704,2025-04-25,140,VCNY 84-inch Blackout Panel Pair Curtain,Bedding & Textiles,1.0,3.0,,,,3.0,4.5,4.5,1.5
SKU0013,042525-3501-220704,2025-04-25,143,"BGment Privacy Blackout Curtain Panel 7ft Tall, Navy Blue",Bedding & Textiles,1.0,4.0,,,,4.0,6.0,6.0,2.0
SKU0014,042525-3501-220704,2025-04-25,146,Mystery Item,Miscellaneous,1.0,25.0,,,,25.0,37.5,37.5,12.5
SKU0015,042525-3501-220704,2025-04-25,149,Bamboo Pendant Light,Lighting & Electrical,1.0,6.0,,,,6.0,9.0,9.0,3.0
SKU0001,042525-3501-220704,2025-04-25,58,VEVOR Commercial Indoor Air Curtain Super Power 2,Bedding & Textiles,1.0,39.0,153.99,0.25326319890902005,0.74673680109098,39.0,107.793,107.793,68.793
SKU0002,042525-3501-220704,2025-04-25,75,"Beauty Accessories, 2 Pairs if Earrings, 1 Headband",Miscellaneous,1.0,1.0,,,,1.0,1.5,1.5,0.5
SKU0003,042525-3501-220704,2025-04-25,79,HeimVision HM211 Outdoor Wi-Fi Security Camera,Electronics & Small Appliances,1.0,25.0,,,,25.0,37.5,37.5,12.5
